"산업중분류별(1)",산업중분류별(2),2017,2017,2017,2017,2017,2017,2017,2017,2017,2017,2017,2017,2017,2017,2017,2017,2017,2017,2017,2017,2017,2017,2017,2017,2017,2018,2018,2018,2018,2018,2018,2018,2018,2018,2018,2018,2018,2018,2018,2018,2018,2018,2018,2018,2018,2018,2018,2018,2018,2018,2019,2019,2019,2019,2019,2019,2019,2019,2019,2019,2019,2019,2019,2019,2019,2019,2019,2019,2019,2019,2019,2019,2019,2019,2019,2020,2020,2020,2020,2020,2020,2020,2020,2020,2020,2020,2020,2020,2020,2020,2020,2020,2020,2020,2020,2020,2020,2020,2020,2020,2020,2021,2021,2021,2021,2021,2021,2021,2021,2021,2021,2021,2021,2021,2021,2021,2021,2021,2021,2021,2021,2021,2021,2021,2021,2021
"산업중분류별(1)",산업중분류별(2),계,떨어짐,넘어짐,부딪힘,물체에 맞음,무너짐,끼임,절단·베임·찔림,감전,폭발·파열,화재,깔림·뒤집힘,이상온도 물체접촉,빠짐·익사,불균형 및 무리한 동작,화학물질 누출·접촉,산소결핍,사업장내 교통사고,사업장외 교통사고,업무상질병,체육행사등의 사고,폭력행위,동물상해,기타,분류불능,계,떨어짐,넘어짐,부딪힘,물체에 맞음,무너짐,끼임,절단·베임·찔림,감전,폭발·파열,화재,깔림·뒤집힘,이상온도 물체접촉,빠짐·익사,불균형 및 무리한 동작,화학물질 누출·접촉,산소결핍,사업장내 교통사고,사업장외 교통사고,업무상질병,체육행사등의 사고,폭력행위,동물상해,기타,분류불능,계,떨어짐,넘어짐,부딪힘,물체에 맞음,무너짐,끼임,절단·베임·찔림,감전,폭발·파열,화재,깔림·뒤집힘,이상온도 물체접촉,빠짐·익사,불균형 및 무리한 동작,화학물질 누출·접촉,산소결핍,사업장내 교통사고,사업장외 교통사고,업무상질병,체육행사등의 사고,폭력행위,동물상해,기타,분류불능,계,떨어짐,넘어짐,부딪힘,물체에 맞음,무너짐,끼임,절단·베임·찔림,감전,폭발·파열,화재,깔림·뒤집힘,이상온도 물체접촉,빠짐·익사,광산사고,불균형 및 무리한 동작,화학물질 누출·접촉,산소결핍,사업장내 교통사고,사업장외 교통사고,업무상질병,체육행사등의 사고,폭력행위,동물상해,기타,분류불능,계,떨어짐,넘어짐,부딪힘,물체에 맞음,무너짐,끼임,절단·베임·찔림,감전,폭발·파열,화재,깔림·뒤집힘,이상온도 물체접촉,빠짐·익사,불균형 및 무리한 동작,화학물질 누출·접촉,산소결핍,사업장내 교통사고,사업장외 교통사고,업무상질병,체육행사등의 사고,폭력행위,동물상해,기타,분류불능
"총계",소계,89848,14308,16420,6720,6677,379,12614,8752,312,210,229,2153,3315,25,2652,249,21,32,3760,9183,1156,289,295,32,65,102305,15558,19077,7315,7237,483,13196,9905,385,235,334,2171,3807,24,3834,372,17,74,4650,11473,1305,357,397,43,56,109242,15103,20101,7828,7358,610,13007,10734,327,245,245,2235,4062,13,4548,332,11,49,4868,15195,1467,424,403,41,36,108379,14406,20659,7503,7248,535,12894,10374,341,274,275,2201,3666,14,0,4343,324,14,55,5478,15996,836,435,435,40,33,122713,14775,23957,8219,8360,510,13668,11085,346,230,241,2436,3884,12,5651,327,7,69,6814,20435,662,465,496,23,41
"광업",소계,1897,27,16,31,22,5,31,0,1,5,0,5,2,0,3,1,0,0,1,1739,1,1,1,0,5,2225,26,22,29,33,7,40,4,1,5,0,10,3,1,4,0,0,0,2,2030,1,0,0,0,7,2543,35,24,29,28,4,32,5,2,6,0,10,2,1,4,0,0,1,1,2357,1,1,0,0,0,2753,26,14,12,34,3,19,3,1,2,1,9,3,1,0,2,2,0,0,4,2612,2,1,0,0,2,3336,24,10,12,28,3,34,1,1,0,0,6,2,0,1,1,0,0,5,3203,0,1,0,0,4
"광업",석탄광업 및 채석업,1653,4,6,5,6,2,5,0,0,5,0,0,0,0,1,0,0,0,0,1614,0,0,0,0,5,1926,2,2,9,3,0,4,0,0,1,0,1,0,0,2,0,0,0,0,1898,0,0,0,0,4,2196,4,0,1,7,1,7,0,1,5,0,1,0,0,1,0,0,0,0,2168,0,0,0,0,0,2395,3,1,0,4,2,4,0,0,1,0,1,0,0,0,0,0,0,0,0,2378,0,0,0,0,1,2923,1,0,3,4,1,3,1,0,0,0,0,0,0,0,0,0,0,0,2906,0,0,0,0,4
"광업",석회석·금속·비금속광업 및 기타광업,244,23,10,26,16,3,26,0,1,0,0,5,2,0,2,1,0,0,1,125,1,1,1,0,0,299,24,20,20,30,7,36,4,1,4,0,9,3,1,2,0,0,0,2,132,1,0,0,0,3,347,31,24,28,21,3,25,5,1,1,0,9,2,1,3,0,0,1,1,189,1,1,0,0,0,358,23,13,12,30,1,15,3,1,1,1,8,3,1,0,2,2,0,0,4,234,2,1,0,0,1,413,23,10,9,24,2,31,0,1,0,0,6,2,0,1,1,0,0,5,297,0,1,0,0,0
"제조업",소계,25333,2178,2461,1955,1938,59,7892,2378,68,103,110,626,633,3,546,110,7,23,265,3657,258,21,18,8,16,27377,2279,2747,1978,2095,89,7821,2679,100,107,110,595,715,1,762,140,5,38,359,4419,262,35,24,6,11,29274,2319,2900,2263,2138,108,7701,2768,81,114,98,638,686,1,905,132,5,36,406,5590,316,37,15,9,8,28840,2299,3089,2150,2163,85,7469,2638,96,138,103,632,648,3,0,900,123,2,44,366,5713,115,29,20,8,7,31709,2289,3354,2195,2333,72,7704,2850,89,144,91,668,691,0,1102,144,2,46,336,7444,64,51,29,2,9
"제조업",식료품제조업,2173,164,474,110,74,2,623,321,5,3,6,24,98,2,35,13,0,0,50,143,12,2,10,1,1,2592,172,563,156,103,6,611,449,6,5,9,34,126,0,60,10,1,0,44,204,14,1,16,0,2,2905,187,587,167,114,5,700,514,1,2,5,36,135,0,79,11,4,0,58,267,19,4,9,1,0,2920,172,609,135,118,12,669,518,7,3,5,34,128,0,0,109,13,0,1,65,299,5,4,10,2,2,3287,199,707,165,120,14,807,555,5,5,7,48,145,0,111,15,0,1,43,310,4,12,13,0,1
"제조업",담배제조업,2,1,0,0,0,0,1,0,0,0,0,0,0,0,0,0,0,0,0,0,0,0,0,0,0,-,-,-,-,-,-,-,-,-,-,-,-,-,-,-,-,-,-,-,-,-,-,-,-,-,-,-,-,-,-,-,-,-,-,-,-,-,-,-,-,-,-,-,-,-,-,-,-,-,-,-,-,-,-,-,-,-,-,-,-,-,-,-,-,-,-,-,-,-,-,-,-,-,-,-,-,-,-,-,-,-,-,-,-,-,-,-,-,-,-,-,-,-,-,-,-,-,-,-,-,-
"제조업",섬유 또는 섬유제품 제조업(갑),299,23,57,21,15,2,83,33,1,0,0,2,7,0,10,0,0,0,10,31,2,0,0,1,1,373,28,87,20,12,2,79,57,2,0,3,4,13,0,7,0,0,0,6,47,4,0,0,0,2,-,-,-,-,-,-,-,-,-,-,-,-,-,-,-,-,-,-,-,-,-,-,-,-,-,-,-,-,-,-,-,-,-,-,-,-,-,-,-,-,-,-,-,-,-,-,-,-,-,-,-,-,-,-,-,-,-,-,-,-,-,-,-,-,-,-,-,-,-,-,-,-,-,-,-,-
"제조업",섬유 및 섬유제품 제조업,-,-,-,-,-,-,-,-,-,-,-,-,-,-,-,-,-,-,-,-,-,-,-,-,-,-,-,-,-,-,-,-,-,-,-,-,-,-,-,-,-,-,-,-,-,-,-,-,-,-,1081,102,163,68,45,3,321,110,5,2,3,6,36,0,31,8,0,0,13,159,4,1,1,0,0,994,97,144,68,30,5,330,83,6,3,4,13,30,0,0,16,5,0,0,13,141,4,1,0,1,0,1084,100,158,61,51,1,324,103,4,2,3,12,35,0,26,11,0,0,11,178,0,2,1,0,1
"제조업",목재 및 나무제품 제조업,1003,79,57,66,97,6,210,365,1,0,3,27,4,0,17,0,0,0,12,56,2,1,0,0,0,1062,86,77,57,97,4,226,362,0,0,1,22,4,0,23,1,0,0,13,83,5,0,1,0,0,-,-,-,-,-,-,-,-,-,-,-,-,-,-,-,-,-,-,-,-,-,-,-,-,-,-,-,-,-,-,-,-,-,-,-,-,-,-,-,-,-,-,-,-,-,-,-,-,-,-,-,-,-,-,-,-,-,-,-,-,-,-,-,-,-,-,-,-,-,-,-,-,-,-,-,-
"제조업",목재 및 종이제품 제조업,-,-,-,-,-,-,-,-,-,-,-,-,-,-,-,-,-,-,-,-,-,-,-,-,-,-,-,-,-,-,-,-,-,-,-,-,-,-,-,-,-,-,-,-,-,-,-,-,-,-,1601,116,121,118,125,13,459,401,2,1,2,32,9,0,33,0,0,0,7,150,8,2,1,1,0,1457,120,113,99,118,6,428,366,1,6,4,21,6,1,0,31,3,0,0,14,118,1,0,1,0,0,1635,132,110,117,132,10,455,392,3,3,0,39,6,0,43,1,0,0,11,178,1,2,0,0,0
"제조업",펄프·지류제조업 및 제본 또는 인쇄물가공업,535,37,51,49,19,1,249,43,1,0,2,7,8,0,9,2,0,0,4,50,1,0,1,0,1,-,-,-,-,-,-,-,-,-,-,-,-,-,-,-,-,-,-,-,-,-,-,-,-,-,-,-,-,-,-,-,-,-,-,-,-,-,-,-,-,-,-,-,-,-,-,-,-,-,-,-,-,-,-,-,-,-,-,-,-,-,-,-,-,-,-,-,-,-,-,-,-,-,-,-,-,-,-,-,-,-,-,-,-,-,-,-,-,-,-,-,-,-,-,-,-,-,-,-,-,-
"제조업",펄프·지류제조업,-,-,-,-,-,-,-,-,-,-,-,-,-,-,-,-,-,-,-,-,-,-,-,-,-,518,43,48,38,30,1,233,39,0,0,2,5,9,0,13,0,2,0,7,44,3,1,0,0,0,-,-,-,-,-,-,-,-,-,-,-,-,-,-,-,-,-,-,-,-,-,-,-,-,-,-,-,-,-,-,-,-,-,-,-,-,-,-,-,-,-,-,-,-,-,-,-,-,-,-,-,-,-,-,-,-,-,-,-,-,-,-,-,-,-,-,-,-,-,-,-,-,-,-,-,-
"제조업",신문·화폐발행 출판업 및 인쇄업,318,23,38,12,13,0,129,31,0,0,4,5,4,0,11,2,0,0,5,32,9,0,0,0,0,-,-,-,-,-,-,-,-,-,-,-,-,-,-,-,-,-,-,-,-,-,-,-,-,-,-,-,-,-,-,-,-,-,-,-,-,-,-,-,-,-,-,-,-,-,-,-,-,-,-,-,-,-,-,-,-,-,-,-,-,-,-,-,-,-,-,-,-,-,-,-,-,-,-,-,-,-,-,-,-,-,-,-,-,-,-,-,-,-,-,-,-,-,-,-,-,-,-,-,-,-
"제조업",출판·인쇄·제본 또는 인쇄물가공업,-,-,-,-,-,-,-,-,-,-,-,-,-,-,-,-,-,-,-,-,-,-,-,-,-,440,32,51,21,17,2,197,45,1,1,3,2,3,0,13,0,0,0,2,41,9,0,0,0,0,443,21,47,34,23,1,159,48,0,0,3,4,5,0,20,1,0,0,4,59,12,2,0,0,0,435,30,40,21,22,0,193,34,1,0,3,6,3,0,0,19,1,0,0,10,49,1,0,1,1,0,406,16,65,24,16,0,157,47,2,0,1,2,3,0,13,1,0,0,5,50,2,1,1,0,0
"제조업",화학제품제조업,2218,230,197,148,135,6,807,236,7,30,18,38,85,0,40,35,1,0,22,148,31,2,1,0,1,2396,212,237,168,142,6,850,279,15,20,9,49,72,0,52,47,0,0,29,177,20,10,1,1,0,-,-,-,-,-,-,-,-,-,-,-,-,-,-,-,-,-,-,-,-,-,-,-,-,-,-,-,-,-,-,-,-,-,-,-,-,-,-,-,-,-,-,-,-,-,-,-,-,-,-,-,-,-,-,-,-,-,-,-,-,-,-,-,-,-,-,-,-,-,-,-,-,-,-,-,-
"제조업",화학 및 고무제품 제조업,-,-,-,-,-,-,-,-,-,-,-,-,-,-,-,-,-,-,-,-,-,-,-,-,-,-,-,-,-,-,-,-,-,-,-,-,-,-,-,-,-,-,-,-,-,-,-,-,-,-,3172,255,302,226,167,11,998,297,10,25,25,40,97,1,103,36,1,0,44,497,34,2,1,0,0,3080,254,282,243,161,6,960,281,12,29,22,49,80,0,0,82,32,0,2,46,524,11,2,2,0,0,3516,257,332,263,199,8,979,318,17,36,20,54,107,0,131,38,0,2,41,700,4,5,4,0,1
"제조업",의약품 및 화장품향료 제조업,150,13,13,9,7,0,62,13,0,1,0,1,8,0,5,2,0,0,2,10,4,0,0,0,0,-,-,-,-,-,-,-,-,-,-,-,-,-,-,-,-,-,-,-,-,-,-,-,-,-,-,-,-,-,-,-,-,-,-,-,-,-,-,-,-,-,-,-,-,-,-,-,-,-,-,-,-,-,-,-,-,-,-,-,-,-,-,-,-,-,-,-,-,-,-,-,-,-,-,-,-,-,-,-,-,-,-,-,-,-,-,-,-,-,-,-,-,-,-,-,-,-,-,-,-,-
"제조업",의약품·화장품향료·담배제조업,-,-,-,-,-,-,-,-,-,-,-,-,-,-,-,-,-,-,-,-,-,-,-,-,-,197,12,32,11,7,1,59,16,2,4,1,4,12,0,7,6,0,0,0,17,6,0,0,0,0,259,13,38,10,11,1,83,15,2,4,0,4,17,0,8,6,0,0,2,35,10,0,0,0,0,-,-,-,-,-,-,-,-,-,-,-,-,-,-,-,-,-,-,-,-,-,-,-,-,-,-,-,-,-,-,-,-,-,-,-,-,-,-,-,-,-,-,-,-,-,-,-,-,-,-,-
"제조업",의약품·화장품·연탄·석유제품제조업,-,-,-,-,-,-,-,-,-,-,-,-,-,-,-,-,-,-,-,-,-,-,-,-,-,-,-,-,-,-,-,-,-,-,-,-,-,-,-,-,-,-,-,-,-,-,-,-,-,-,-,-,-,-,-,-,-,-,-,-,-,-,-,-,-,-,-,-,-,-,-,-,-,-,-,308,20,32,29,12,1,91,21,3,2,4,1,16,0,0,11,3,0,0,5,56,1,0,0,0,0,314,15,34,16,9,1,81,23,0,4,4,4,16,0,14,8,0,0,9,75,1,0,0,0,0
"제조업",고무제품제조업,588,20,38,49,22,0,210,38,1,0,3,3,13,0,26,0,1,0,3,153,8,0,0,0,0,688,18,56,50,22,2,217,44,0,1,1,4,14,0,38,1,0,0,2,211,7,0,0,0,0,-,-,-,-,-,-,-,-,-,-,-,-,-,-,-,-,-,-,-,-,-,-,-,-,-,-,-,-,-,-,-,-,-,-,-,-,-,-,-,-,-,-,-,-,-,-,-,-,-,-,-,-,-,-,-,-,-,-,-,-,-,-,-,-,-,-,-,-,-,-,-,-,-,-,-,-
"제조업",유리제조업,205,17,18,26,21,0,30,46,0,0,0,20,1,0,7,0,0,0,0,19,0,0,0,0,0,193,18,17,14,23,1,21,43,0,1,0,12,0,0,8,3,0,0,1,29,2,0,0,0,0,-,-,-,-,-,-,-,-,-,-,-,-,-,-,-,-,-,-,-,-,-,-,-,-,-,-,-,-,-,-,-,-,-,-,-,-,-,-,-,-,-,-,-,-,-,-,-,-,-,-,-,-,-,-,-,-,-,-,-,-,-,-,-,-,-,-,-,-,-,-,-,-,-,-,-,-
"제조업",유리·도자기·시멘트제조업,-,-,-,-,-,-,-,-,-,-,-,-,-,-,-,-,-,-,-,-,-,-,-,-,-,-,-,-,-,-,-,-,-,-,-,-,-,-,-,-,-,-,-,-,-,-,-,-,-,-,675,92,69,61,60,4,151,45,2,1,3,22,5,0,27,1,0,1,11,113,4,2,0,0,1,-,-,-,-,-,-,-,-,-,-,-,-,-,-,-,-,-,-,-,-,-,-,-,-,-,-,-,-,-,-,-,-,-,-,-,-,-,-,-,-,-,-,-,-,-,-,-,-,-,-,-
"제조업",도자기 및 기타요업제품 제조업,390,80,44,34,20,1,126,16,2,0,2,2,5,0,8,1,0,0,11,35,1,1,0,0,1,-,-,-,-,-,-,-,-,-,-,-,-,-,-,-,-,-,-,-,-,-,-,-,-,-,-,-,-,-,-,-,-,-,-,-,-,-,-,-,-,-,-,-,-,-,-,-,-,-,-,-,-,-,-,-,-,-,-,-,-,-,-,-,-,-,-,-,-,-,-,-,-,-,-,-,-,-,-,-,-,-,-,-,-,-,-,-,-,-,-,-,-,-,-,-,-,-,-,-,-,-
"제조업",도자기·기타요업제품·시멘트제조업,-,-,-,-,-,-,-,-,-,-,-,-,-,-,-,-,-,-,-,-,-,-,-,-,-,476,90,51,41,20,3,142,14,0,1,1,6,11,0,20,3,0,0,11,56,5,1,0,0,0,-,-,-,-,-,-,-,-,-,-,-,-,-,-,-,-,-,-,-,-,-,-,-,-,-,-,-,-,-,-,-,-,-,-,-,-,-,-,-,-,-,-,-,-,-,-,-,-,-,-,-,-,-,-,-,-,-,-,-,-,-,-,-,-,-,-,-,-,-,-,-,-,-,-,-,-
"제조업",시멘트제조업,49,3,5,5,4,0,13,1,1,0,0,0,1,0,2,0,0,0,0,14,0,0,0,0,0,-,-,-,-,-,-,-,-,-,-,-,-,-,-,-,-,-,-,-,-,-,-,-,-,-,-,-,-,-,-,-,-,-,-,-,-,-,-,-,-,-,-,-,-,-,-,-,-,-,-,-,-,-,-,-,-,-,-,-,-,-,-,-,-,-,-,-,-,-,-,-,-,-,-,-,-,-,-,-,-,-,-,-,-,-,-,-,-,-,-,-,-,-,-,-,-,-,-,-,-,-
"제조업",비금속광물제품 및 금속제품제조업 또는 금속가공업,5079,395,335,386,547,15,1819,448,12,19,18,206,134,0,80,9,0,0,27,598,21,2,2,3,3,-,-,-,-,-,-,-,-,-,-,-,-,-,-,-,-,-,-,-,-,-,-,-,-,-,-,-,-,-,-,-,-,-,-,-,-,-,-,-,-,-,-,-,-,-,-,-,-,-,-,-,-,-,-,-,-,-,-,-,-,-,-,-,-,-,-,-,-,-,-,-,-,-,-,-,-,-,-,-,-,-,-,-,-,-,-,-,-,-,-,-,-,-,-,-,-,-,-,-,-,-
"제조업",기계기구·비금속광물제품·금속제품제조업 또는 금속가공업,-,-,-,-,-,-,-,-,-,-,-,-,-,-,-,-,-,-,-,-,-,-,-,-,-,9485,826,644,773,1087,39,3008,822,44,48,30,316,230,0,205,25,0,1,82,1222,65,8,4,3,3,-,-,-,-,-,-,-,-,-,-,-,-,-,-,-,-,-,-,-,-,-,-,-,-,-,-,-,-,-,-,-,-,-,-,-,-,-,-,-,-,-,-,-,-,-,-,-,-,-,-,-,-,-,-,-,-,-,-,-,-,-,-,-,-,-,-,-,-,-,-,-,-,-,-,-,-
"제조업",기계기구 비금속광물 및 금속제품제조업,-,-,-,-,-,-,-,-,-,-,-,-,-,-,-,-,-,-,-,-,-,-,-,-,-,-,-,-,-,-,-,-,-,-,-,-,-,-,-,-,-,-,-,-,-,-,-,-,-,-,13764,1084,1041,1216,1329,58,3883,1013,37,62,44,373,293,0,437,48,0,20,194,2484,124,14,2,3,5,-,-,-,-,-,-,-,-,-,-,-,-,-,-,-,-,-,-,-,-,-,-,-,-,-,-,-,-,-,-,-,-,-,-,-,-,-,-,-,-,-,-,-,-,-,-,-,-,-,-,-
"제조업",기계기구·금속·비금속광물제품제조업,-,-,-,-,-,-,-,-,-,-,-,-,-,-,-,-,-,-,-,-,-,-,-,-,-,-,-,-,-,-,-,-,-,-,-,-,-,-,-,-,-,-,-,-,-,-,-,-,-,-,-,-,-,-,-,-,-,-,-,-,-,-,-,-,-,-,-,-,-,-,-,-,-,-,-,14121,1121,1267,1199,1344,51,3798,1035,39,70,43,389,297,2,0,438,44,0,21,141,2741,57,16,4,1,3,14891,1102,1276,1149,1410,31,3816,1063,34,69,42,399,278,0,503,47,0,26,145,3442,36,10,7,1,5
"제조업",금속제련업,83,10,5,6,3,0,17,0,0,0,1,1,7,0,4,0,0,0,0,25,4,0,0,0,0,121,8,13,6,6,0,21,0,0,3,1,0,13,0,3,1,0,1,4,33,6,1,0,0,1,152,8,15,9,8,0,17,2,0,2,4,1,13,0,1,3,0,2,5,46,15,1,0,0,0,167,7,17,15,4,0,14,3,1,2,0,1,14,0,0,5,3,0,0,1,77,2,1,0,0,0,275,10,32,19,19,0,23,4,2,5,2,2,16,0,16,4,0,1,0,119,1,0,0,0,0
"제조업",도금업,428,32,48,47,35,3,126,12,1,4,4,26,27,0,6,19,0,0,2,32,3,1,0,0,0,491,46,73,46,61,3,104,17,0,2,4,16,26,1,19,16,0,0,10,45,1,0,0,1,0,-,-,-,-,-,-,-,-,-,-,-,-,-,-,-,-,-,-,-,-,-,-,-,-,-,-,-,-,-,-,-,-,-,-,-,-,-,-,-,-,-,-,-,-,-,-,-,-,-,-,-,-,-,-,-,-,-,-,-,-,-,-,-,-,-,-,-,-,-,-,-,-,-,-,-,-
"제조업",기계기구제조업,3873,358,285,351,440,8,1322,310,11,12,15,117,83,0,79,9,1,0,25,399,40,1,2,2,3,-,-,-,-,-,-,-,-,-,-,-,-,-,-,-,-,-,-,-,-,-,-,-,-,-,-,-,-,-,-,-,-,-,-,-,-,-,-,-,-,-,-,-,-,-,-,-,-,-,-,-,-,-,-,-,-,-,-,-,-,-,-,-,-,-,-,-,-,-,-,-,-,-,-,-,-,-,-,-,-,-,-,-,-,-,-,-,-,-,-,-,-,-,-,-,-,-,-,-,-,-
"제조업",전기기계기구제조업,654,51,68,56,33,2,251,53,13,0,1,13,11,0,14,1,0,0,8,61,18,0,0,0,0,-,-,-,-,-,-,-,-,-,-,-,-,-,-,-,-,-,-,-,-,-,-,-,-,-,-,-,-,-,-,-,-,-,-,-,-,-,-,-,-,-,-,-,-,-,-,-,-,-,-,-,-,-,-,-,-,-,-,-,-,-,-,-,-,-,-,-,-,-,-,-,-,-,-,-,-,-,-,-,-,-,-,-,-,-,-,-,-,-,-,-,-,-,-,-,-,-,-,-,-,-
"제조업",전기기계기구·전자제품·계량기·광학기계·기타정밀기구 제조업,-,-,-,-,-,-,-,-,-,-,-,-,-,-,-,-,-,-,-,-,-,-,-,-,-,1512,101,206,93,96,2,441,116,18,1,15,30,26,0,61,12,0,0,42,195,54,2,0,0,1,1701,99,209,137,85,1,486,123,12,7,3,44,23,0,75,13,0,1,34,288,54,2,0,4,1,-,-,-,-,-,-,-,-,-,-,-,-,-,-,-,-,-,-,-,-,-,-,-,-,-,-,-,-,-,-,-,-,-,-,-,-,-,-,-,-,-,-,-,-,-,-,-,-,-,-,-
"제조업",전기기계기구·정밀기구·전자제품제조업,-,-,-,-,-,-,-,-,-,-,-,-,-,-,-,-,-,-,-,-,-,-,-,-,-,-,-,-,-,-,-,-,-,-,-,-,-,-,-,-,-,-,-,-,-,-,-,-,-,-,-,-,-,-,-,-,-,-,-,-,-,-,-,-,-,-,-,-,-,-,-,-,-,-,-,1725,96,218,125,129,0,537,137,16,2,5,41,24,0,0,74,15,0,0,30,250,22,2,1,1,0,1914,113,262,155,141,3,548,141,11,7,2,36,27,0,87,9,0,0,27,329,10,4,1,1,0
"제조업",전자제품제조업,463,23,74,20,23,0,119,34,2,3,2,6,12,0,21,8,0,0,8,77,30,1,0,0,0,-,-,-,-,-,-,-,-,-,-,-,-,-,-,-,-,-,-,-,-,-,-,-,-,-,-,-,-,-,-,-,-,-,-,-,-,-,-,-,-,-,-,-,-,-,-,-,-,-,-,-,-,-,-,-,-,-,-,-,-,-,-,-,-,-,-,-,-,-,-,-,-,-,-,-,-,-,-,-,-,-,-,-,-,-,-,-,-,-,-,-,-,-,-,-,-,-,-,-,-,-
"제조업",선박건조 및 수리업,1953,187,180,130,112,1,125,43,5,5,3,32,24,1,44,0,2,16,5,1021,8,6,0,0,3,1848,152,105,93,81,2,130,38,4,13,6,28,28,0,39,2,1,14,17,1084,8,2,0,0,1,2306,161,171,127,103,5,129,46,8,6,4,42,33,0,60,3,0,10,17,1345,29,7,0,0,0,2492,196,230,136,139,1,156,38,8,8,5,49,35,0,0,91,2,0,20,30,1341,6,1,0,0,0,3125,168,239,139,137,0,173,57,7,6,3,46,44,0,115,2,2,16,29,1924,3,15,0,0,0
"제조업",수송용기계기구 제조업,2199,108,181,216,129,3,787,95,2,4,2,40,32,0,57,2,0,7,39,456,37,2,0,0,0,-,-,-,-,-,-,-,-,-,-,-,-,-,-,-,-,-,-,-,-,-,-,-,-,-,-,-,-,-,-,-,-,-,-,-,-,-,-,-,-,-,-,-,-,-,-,-,-,-,-,-,-,-,-,-,-,-,-,-,-,-,-,-,-,-,-,-,-,-,-,-,-,-,-,-,-,-,-,-,-,-,-,-,-,-,-,-,-,-,-,-,-,-,-,-,-,-,-,-,-,-
"제조업",수송용기계기구 제조업·자동차 및 모터사이클 수리업,-,-,-,-,-,-,-,-,-,-,-,-,-,-,-,-,-,-,-,-,-,-,-,-,-,3033,154,280,277,191,4,863,149,3,5,14,32,71,0,141,6,0,21,66,700,46,9,1,0,0,-,-,-,-,-,-,-,-,-,-,-,-,-,-,-,-,-,-,-,-,-,-,-,-,-,-,-,-,-,-,-,-,-,-,-,-,-,-,-,-,-,-,-,-,-,-,-,-,-,-,-,-,-,-,-,-,-,-,-,-,-,-,-,-,-,-,-,-,-,-,-,-,-,-,-,-
"제조업",계량기·광학기계·기타정밀기구 제조업,275,20,34,13,25,0,100,20,1,0,2,6,6,0,4,2,0,0,5,26,11,0,0,0,0,-,-,-,-,-,-,-,-,-,-,-,-,-,-,-,-,-,-,-,-,-,-,-,-,-,-,-,-,-,-,-,-,-,-,-,-,-,-,-,-,-,-,-,-,-,-,-,-,-,-,-,-,-,-,-,-,-,-,-,-,-,-,-,-,-,-,-,-,-,-,-,-,-,-,-,-,-,-,-,-,-,-,-,-,-,-,-,-,-,-,-,-,-,-,-,-,-,-,-,-,-
"제조업",수제품제조업,148,8,22,5,6,0,51,21,0,0,2,2,2,0,6,0,0,0,1,22,0,0,0,0,0,153,11,18,9,6,0,53,18,0,0,3,2,4,0,5,0,0,0,2,20,0,0,0,1,1,-,-,-,-,-,-,-,-,-,-,-,-,-,-,-,-,-,-,-,-,-,-,-,-,-,-,-,-,-,-,-,-,-,-,-,-,-,-,-,-,-,-,-,-,-,-,-,-,-,-,-,-,-,-,-,-,-,-,-,-,-,-,-,-,-,-,-,-,-,-,-,-,-,-,-,-
"제조업",수제품 및 기타제품 제조업,-,-,-,-,-,-,-,-,-,-,-,-,-,-,-,-,-,-,-,-,-,-,-,-,-,-,-,-,-,-,-,-,-,-,-,-,-,-,-,-,-,-,-,-,-,-,-,-,-,-,1151,176,133,85,68,6,309,153,1,1,2,34,19,0,28,1,0,0,15,115,3,0,1,0,1,1141,186,137,80,86,3,293,122,2,13,8,28,15,0,0,24,2,2,0,11,117,5,2,1,2,2,1262,177,139,87,99,4,341,147,4,7,7,26,14,0,43,8,0,0,15,139,2,0,2,0,1
"제조업",섬유 또는 섬유제품 제조업(을),677,70,83,45,26,2,264,49,1,5,4,7,25,0,15,3,0,0,3,67,4,1,2,0,1,717,78,84,42,22,1,276,39,2,1,4,6,34,0,16,4,0,0,12,92,3,0,1,0,0,-,-,-,-,-,-,-,-,-,-,-,-,-,-,-,-,-,-,-,-,-,-,-,-,-,-,-,-,-,-,-,-,-,-,-,-,-,-,-,-,-,-,-,-,-,-,-,-,-,-,-,-,-,-,-,-,-,-,-,-,-,-,-,-,-,-,-,-,-,-,-,-,-,-,-,-
"제조업",자동차 및 모터사이클 수리업,504,54,61,73,46,0,72,25,1,7,8,4,24,0,24,0,0,0,9,88,7,1,0,0,0,-,-,-,-,-,-,-,-,-,-,-,-,-,-,-,-,-,-,-,-,-,-,-,-,-,-,-,-,-,-,-,-,-,-,-,-,-,-,-,-,-,-,-,-,-,-,-,-,-,-,-,-,-,-,-,-,-,-,-,-,-,-,-,-,-,-,-,-,-,-,-,-,-,-,-,-,-,-,-,-,-,-,-,-,-,-,-,-,-,-,-,-,-,-,-,-,-,-,-,-,-
"제조업",코크스 연탄 및 석유정제품 제조업,48,6,1,3,2,0,7,2,0,1,1,0,1,0,0,1,2,0,1,19,1,0,0,0,0,76,6,4,7,3,0,9,4,0,0,0,0,4,0,3,1,1,1,0,31,2,0,0,0,0,64,5,4,5,0,0,6,1,1,1,0,0,1,0,3,1,0,2,2,32,0,0,0,0,0,-,-,-,-,-,-,-,-,-,-,-,-,-,-,-,-,-,-,-,-,-,-,-,-,-,-,-,-,-,-,-,-,-,-,-,-,-,-,-,-,-,-,-,-,-,-,-,-,-,-,-
"제조업",기타제조업,1019,166,92,75,84,7,289,123,0,9,9,37,11,0,22,1,0,0,13,75,4,0,0,1,1,1006,186,101,56,69,10,281,128,3,1,3,23,15,0,29,2,0,0,9,88,2,0,0,0,0,-,-,-,-,-,-,-,-,-,-,-,-,-,-,-,-,-,-,-,-,-,-,-,-,-,-,-,-,-,-,-,-,-,-,-,-,-,-,-,-,-,-,-,-,-,-,-,-,-,-,-,-,-,-,-,-,-,-,-,-,-,-,-,-,-,-,-,-,-,-,-,-,-,-,-,-
"전기·가스·증기 및 수도사업",소계,87,5,18,5,3,0,10,1,1,0,0,1,5,0,7,1,0,0,6,13,11,0,0,0,0,108,10,18,12,5,0,7,2,2,8,1,5,6,0,5,1,0,0,4,12,9,0,0,0,1,111,13,23,7,6,0,12,3,5,0,3,5,3,0,3,1,0,0,4,14,7,0,1,0,1,105,13,16,7,2,0,10,3,6,0,0,1,5,0,0,7,0,0,0,7,18,8,0,0,1,1,130,7,21,6,8,1,13,5,2,1,4,6,4,0,14,3,0,0,2,28,3,0,2,0,0
"전기·가스·증기 및 수도사업",전기·가스·증기 및 수도사업,87,5,18,5,3,0,10,1,1,0,0,1,5,0,7,1,0,0,6,13,11,0,0,0,0,108,10,18,12,5,0,7,2,2,8,1,5,6,0,5,1,0,0,4,12,9,0,0,0,1,111,13,23,7,6,0,12,3,5,0,3,5,3,0,3,1,0,0,4,14,7,0,1,0,1,105,13,16,7,2,0,10,3,6,0,0,1,5,0,0,7,0,0,0,7,18,8,0,0,1,1,130,7,21,6,8,1,13,5,2,1,4,6,4,0,14,3,0,0,2,28,3,0,2,0,0
"건설업",소계,25649,8608,3785,2183,3114,262,1997,2687,164,49,59,803,143,13,587,38,6,1,168,931,2,15,8,3,23,27686,9191,4083,2248,3181,313,2206,2849,176,55,107,793,172,6,751,90,5,3,206,1200,8,17,6,4,16,27211,8565,4121,2156,2959,360,2096,2856,141,55,56,716,141,5,764,73,0,0,178,1913,7,20,10,5,14,26799,8009,4239,2078,2909,350,2120,2784,138,62,88,743,151,3,0,697,63,5,1,126,2182,5,19,9,5,13,29943,8225,4685,2304,3533,323,2336,3098,134,36,67,811,178,5,890,68,3,2,129,3055,7,21,11,5,17
"건설업",건설업,25649,8608,3785,2183,3114,262,1997,2687,164,49,59,803,143,13,587,38,6,1,168,931,2,15,8,3,23,27686,9191,4083,2248,3181,313,2206,2849,176,55,107,793,172,6,751,90,5,3,206,1200,8,17,6,4,16,27211,8565,4121,2156,2959,360,2096,2856,141,55,56,716,141,5,764,73,0,0,178,1913,7,20,10,5,14,26799,8009,4239,2078,2909,350,2120,2784,138,62,88,743,151,3,0,697,63,5,1,126,2182,5,19,9,5,13,29943,8225,4685,2304,3533,323,2336,3098,134,36,67,811,178,5,890,68,3,2,129,3055,7,21,11,5,17
"운수·창고 및 통신업",소계,4237,585,685,423,227,15,403,66,4,5,8,58,23,2,212,5,0,1,1078,340,38,55,1,0,3,5291,691,760,482,254,20,470,80,14,6,3,63,29,3,251,8,0,20,1501,514,55,55,5,3,4,6173,669,893,495,281,23,401,88,9,3,0,83,42,1,354,7,2,3,1994,709,55,48,5,2,6,7251,635,1084,513,266,15,423,87,8,9,9,102,28,2,0,339,3,0,5,2873,747,22,65,11,1,4,10091,786,1661,615,306,22,511,119,7,3,2,158,26,1,501,8,2,11,4323,943,15,56,9,1,5
"운수·창고 및 통신업",철도·궤도 및 삭도운수업,114,10,19,11,6,0,11,3,0,2,2,0,2,0,5,1,0,0,10,15,12,5,0,0,0,-,-,-,-,-,-,-,-,-,-,-,-,-,-,-,-,-,-,-,-,-,-,-,-,-,-,-,-,-,-,-,-,-,-,-,-,-,-,-,-,-,-,-,-,-,-,-,-,-,-,-,-,-,-,-,-,-,-,-,-,-,-,-,-,-,-,-,-,-,-,-,-,-,-,-,-,-,-,-,-,-,-,-,-,-,-,-,-,-,-,-,-,-,-,-,-,-,-,-,-,-
"운수·창고 및 통신업",철도·궤도·삭도·항공운수업,-,-,-,-,-,-,-,-,-,-,-,-,-,-,-,-,-,-,-,-,-,-,-,-,-,341,17,68,45,15,0,39,9,7,2,0,5,4,0,22,2,0,0,37,44,12,11,0,1,1,466,26,91,62,22,0,43,13,5,0,0,8,17,0,45,0,0,0,57,55,16,3,0,2,1,-,-,-,-,-,-,-,-,-,-,-,-,-,-,-,-,-,-,-,-,-,-,-,-,-,-,-,-,-,-,-,-,-,-,-,-,-,-,-,-,-,-,-,-,-,-,-,-,-,-,-
"운수·창고 및 통신업",철도·항공·창고·운수관련서비스업,-,-,-,-,-,-,-,-,-,-,-,-,-,-,-,-,-,-,-,-,-,-,-,-,-,-,-,-,-,-,-,-,-,-,-,-,-,-,-,-,-,-,-,-,-,-,-,-,-,-,-,-,-,-,-,-,-,-,-,-,-,-,-,-,-,-,-,-,-,-,-,-,-,-,-,2402,299,419,353,184,7,305,55,6,4,5,55,14,1,0,170,3,0,2,105,378,16,13,4,1,3,2854,331,569,396,197,18,323,76,5,1,1,66,12,0,216,4,2,9,103,485,12,23,3,1,1
"운수·창고 및 통신업",자동차운수업 및 택배업 퀵서비스업,2213,244,321,124,59,4,98,23,0,1,3,16,16,0,94,3,0,1,986,178,3,38,0,0,1,2679,278,331,114,61,2,102,18,1,4,2,17,15,0,82,3,0,16,1343,235,10,38,3,1,3,-,-,-,-,-,-,-,-,-,-,-,-,-,-,-,-,-,-,-,-,-,-,-,-,-,-,-,-,-,-,-,-,-,-,-,-,-,-,-,-,-,-,-,-,-,-,-,-,-,-,-,-,-,-,-,-,-,-,-,-,-,-,-,-,-,-,-,-,-,-,-,-,-,-,-,-
"운수·창고 및 통신업",육상 및 수상운수업,-,-,-,-,-,-,-,-,-,-,-,-,-,-,-,-,-,-,-,-,-,-,-,-,-,-,-,-,-,-,-,-,-,-,-,-,-,-,-,-,-,-,-,-,-,-,-,-,-,-,3528,296,421,132,75,7,107,22,0,1,0,23,17,1,138,5,1,2,1837,385,14,37,3,0,4,4607,288,615,149,78,7,115,24,0,5,4,44,13,1,0,150,0,0,3,2717,333,5,52,4,0,0,6942,400,1032,199,100,4,174,34,1,2,1,91,13,1,265,4,0,2,4178,397,2,33,6,0,3
"운수·창고 및 통신업",수상운수업 항만하역 및 화물취급사업,1206,202,208,199,126,6,219,27,1,1,2,32,2,1,64,1,0,0,26,85,1,1,0,0,2,1377,237,206,215,124,12,241,27,4,0,0,31,2,1,82,2,0,2,37,147,5,1,0,1,0,-,-,-,-,-,-,-,-,-,-,-,-,-,-,-,-,-,-,-,-,-,-,-,-,-,-,-,-,-,-,-,-,-,-,-,-,-,-,-,-,-,-,-,-,-,-,-,-,-,-,-,-,-,-,-,-,-,-,-,-,-,-,-,-,-,-,-,-,-,-,-,-,-,-,-,-
"운수·창고 및 통신업",항공운수업,81,7,15,14,5,0,12,0,0,0,0,0,0,0,9,0,0,0,5,10,2,2,0,0,0,-,-,-,-,-,-,-,-,-,-,-,-,-,-,-,-,-,-,-,-,-,-,-,-,-,-,-,-,-,-,-,-,-,-,-,-,-,-,-,-,-,-,-,-,-,-,-,-,-,-,-,-,-,-,-,-,-,-,-,-,-,-,-,-,-,-,-,-,-,-,-,-,-,-,-,-,-,-,-,-,-,-,-,-,-,-,-,-,-,-,-,-,-,-,-,-,-,-,-,-,-
"운수·창고 및 통신업",운수관련서비스업,305,41,79,38,18,1,27,7,0,1,1,5,2,1,25,0,0,0,24,19,12,3,1,0,0,430,62,94,56,29,3,44,13,0,0,1,5,5,2,34,0,0,2,33,32,12,3,0,0,0,-,-,-,-,-,-,-,-,-,-,-,-,-,-,-,-,-,-,-,-,-,-,-,-,-,-,-,-,-,-,-,-,-,-,-,-,-,-,-,-,-,-,-,-,-,-,-,-,-,-,-,-,-,-,-,-,-,-,-,-,-,-,-,-,-,-,-,-,-,-,-,-,-,-,-,-
"운수·창고 및 통신업",창고 및 운수관련 서비스업,-,-,-,-,-,-,-,-,-,-,-,-,-,-,-,-,-,-,-,-,-,-,-,-,-,-,-,-,-,-,-,-,-,-,-,-,-,-,-,-,-,-,-,-,-,-,-,-,-,-,1956,294,348,288,180,15,235,44,2,2,0,52,8,0,151,2,1,1,60,244,20,8,1,0,0,-,-,-,-,-,-,-,-,-,-,-,-,-,-,-,-,-,-,-,-,-,-,-,-,-,-,-,-,-,-,-,-,-,-,-,-,-,-,-,-,-,-,-,-,-,-,-,-,-,-,-
"운수·창고 및 통신업",창고업,176,30,24,32,10,4,31,0,0,0,0,5,1,0,10,0,0,0,0,24,0,5,0,0,0,228,27,33,44,22,3,37,9,0,0,0,2,2,0,18,1,0,0,3,24,2,0,1,0,0,-,-,-,-,-,-,-,-,-,-,-,-,-,-,-,-,-,-,-,-,-,-,-,-,-,-,-,-,-,-,-,-,-,-,-,-,-,-,-,-,-,-,-,-,-,-,-,-,-,-,-,-,-,-,-,-,-,-,-,-,-,-,-,-,-,-,-,-,-,-,-,-,-,-,-,-
"운수·창고 및 통신업",통신업,142,51,19,5,3,0,5,6,3,0,0,0,0,0,5,0,0,0,27,9,8,1,0,0,0,236,70,28,8,3,0,7,4,2,0,0,3,1,0,13,0,0,0,48,32,14,2,1,0,0,223,53,33,13,4,1,16,9,2,0,0,0,0,0,20,0,0,0,40,25,5,0,1,0,1,242,48,50,11,4,1,3,8,2,0,0,3,1,0,0,19,0,0,0,51,36,1,0,3,0,1,295,55,60,20,9,0,14,9,1,0,0,1,1,0,20,0,0,0,42,61,1,0,0,0,1
"임업",소계,1124,27,165,121,136,0,18,346,1,0,1,238,3,0,11,0,0,0,13,31,2,0,11,0,0,1041,35,147,116,130,1,14,338,0,0,0,195,1,0,14,0,0,0,14,23,0,0,13,0,0,1017,33,153,99,180,3,22,306,0,0,0,174,0,0,9,0,0,0,3,32,0,0,3,0,0,1030,32,157,127,188,0,22,300,0,0,1,158,0,0,0,10,0,0,0,5,26,0,0,4,0,0,946,26,129,71,187,2,18,296,0,0,0,164,4,0,7,0,0,0,7,31,0,0,4,0,0
"임업",임업,1124,27,165,121,136,0,18,346,1,0,1,238,3,0,11,0,0,0,13,31,2,0,11,0,0,1041,35,147,116,130,1,14,338,0,0,0,195,1,0,14,0,0,0,14,23,0,0,13,0,0,1017,33,153,99,180,3,22,306,0,0,0,174,0,0,9,0,0,0,3,32,0,0,3,0,0,1030,32,157,127,188,0,22,300,0,0,1,158,0,0,0,10,0,0,0,5,26,0,0,4,0,0,946,26,129,71,187,2,18,296,0,0,0,164,4,0,7,0,0,0,7,31,0,0,4,0,0
"어업",소계,59,5,15,8,9,0,7,4,1,0,0,3,1,2,0,0,0,0,1,3,0,0,0,0,0,66,9,17,1,8,0,6,7,1,2,0,3,1,1,0,0,0,0,1,7,0,2,0,0,0,60,14,15,5,5,1,4,5,1,0,0,0,1,3,2,0,0,0,2,2,0,0,0,0,0,48,7,15,4,3,0,10,3,0,0,0,0,0,0,0,1,0,0,0,1,4,0,0,0,0,0,74,6,27,3,7,0,12,4,0,0,0,1,1,1,2,0,0,0,3,7,0,0,0,0,0
"어업",어업 양식어업 및 어업관련서비스업,59,5,15,8,9,0,7,4,1,0,0,3,1,2,0,0,0,0,1,3,0,0,0,0,0,66,9,17,1,8,0,6,7,1,2,0,3,1,1,0,0,0,0,1,7,0,2,0,0,0,-,-,-,-,-,-,-,-,-,-,-,-,-,-,-,-,-,-,-,-,-,-,-,-,-,-,-,-,-,-,-,-,-,-,-,-,-,-,-,-,-,-,-,-,-,-,-,-,-,-,-,-,-,-,-,-,-,-,-,-,-,-,-,-,-,-,-,-,-,-,-,-,-,-,-,-
"어업",어업,-,-,-,-,-,-,-,-,-,-,-,-,-,-,-,-,-,-,-,-,-,-,-,-,-,-,-,-,-,-,-,-,-,-,-,-,-,-,-,-,-,-,-,-,-,-,-,-,-,-,60,14,15,5,5,1,4,5,1,0,0,0,1,3,2,0,0,0,2,2,0,0,0,0,0,48,7,15,4,3,0,10,3,0,0,0,0,0,0,0,1,0,0,0,1,4,0,0,0,0,0,74,6,27,3,7,0,12,4,0,0,0,1,1,1,2,0,0,0,3,7,0,0,0,0,0
"농업",소계,555,163,106,32,21,3,75,32,2,6,1,10,5,0,9,1,4,0,18,26,4,0,37,0,0,648,180,98,46,27,3,78,62,0,2,4,19,3,1,17,2,2,0,14,45,3,2,40,0,0,642,172,111,42,33,5,84,52,0,6,0,12,5,0,13,0,0,0,18,43,5,0,40,0,1,639,174,114,41,33,0,88,44,1,0,1,18,2,0,0,10,2,0,0,20,46,7,0,38,0,0,668,182,113,39,41,3,82,70,3,0,4,19,4,0,19,0,0,0,12,38,5,0,33,1,0
"농업",농업,555,163,106,32,21,3,75,32,2,6,1,10,5,0,9,1,4,0,18,26,4,0,37,0,0,648,180,98,46,27,3,78,62,0,2,4,19,3,1,17,2,2,0,14,45,3,2,40,0,0,642,172,111,42,33,5,84,52,0,6,0,12,5,0,13,0,0,0,18,43,5,0,40,0,1,639,174,114,41,33,0,88,44,1,0,1,18,2,0,0,10,2,0,0,20,46,7,0,38,0,0,668,182,113,39,41,3,82,70,3,0,4,19,4,0,19,0,0,0,12,38,5,0,33,1,0
"금융 및 보험업",소계,312,18,61,12,1,0,20,19,1,1,0,8,5,0,3,1,0,0,23,76,52,1,10,0,0,358,27,82,22,9,0,17,19,0,0,0,2,6,0,17,2,0,0,30,57,54,3,11,0,0,400,28,101,14,11,0,14,35,1,0,0,9,2,0,19,0,0,0,26,63,53,6,18,0,0,341,18,88,19,12,1,21,23,0,0,0,4,7,0,0,12,0,0,0,21,83,17,6,9,0,0,408,28,116,19,9,0,14,29,1,1,0,3,4,0,18,0,0,0,20,111,14,4,17,0,0
"금융 및 보험업",금융 및 보험업,312,18,61,12,1,0,20,19,1,1,0,8,5,0,3,1,0,0,23,76,52,1,10,0,0,358,27,82,22,9,0,17,19,0,0,0,2,6,0,17,2,0,0,30,57,54,3,11,0,0,400,28,101,14,11,0,14,35,1,0,0,9,2,0,19,0,0,0,26,63,53,6,18,0,0,341,18,88,19,12,1,21,23,0,0,0,4,7,0,0,12,0,0,0,21,83,17,6,9,0,0,408,28,116,19,9,0,14,29,1,1,0,3,4,0,18,0,0,0,20,111,14,4,17,0,0
"기타의 사업",소계,30595,2692,9108,1950,1206,35,2161,3219,69,41,50,401,2495,5,1274,92,4,7,2187,2367,788,196,209,21,18,37505,3110,11103,2381,1495,50,2537,3865,91,50,109,486,2871,11,2013,129,5,13,2519,3166,913,243,298,30,17,41811,3255,11760,2718,1717,106,2641,4616,87,61,88,588,3180,2,2475,119,4,9,2236,4472,1023,312,311,25,6,40573,3193,11843,2552,1638,81,2712,4489,91,63,72,534,2822,5,0,2365,131,7,5,2055,4565,660,315,344,25,6,45408,3202,13841,2955,1908,84,2944,4613,109,45,73,600,2970,5,3097,103,0,10,1977,5575,554,332,391,14,6
"기타의 사업",건물 등의 종합관리사업,3617,554,1899,201,79,1,133,203,14,3,3,39,31,2,139,12,0,1,34,208,18,34,3,2,4,4118,645,2000,243,108,1,152,207,20,1,6,56,35,0,178,16,0,1,38,340,19,41,7,2,2,-,-,-,-,-,-,-,-,-,-,-,-,-,-,-,-,-,-,-,-,-,-,-,-,-,-,-,-,-,-,-,-,-,-,-,-,-,-,-,-,-,-,-,-,-,-,-,-,-,-,-,-,-,-,-,-,-,-,-,-,-,-,-,-,-,-,-,-,-,-,-,-,-,-,-,-
"기타의 사업",건물종합관리 위생 및 유사서비스업,-,-,-,-,-,-,-,-,-,-,-,-,-,-,-,-,-,-,-,-,-,-,-,-,-,-,-,-,-,-,-,-,-,-,-,-,-,-,-,-,-,-,-,-,-,-,-,-,-,-,5138,842,1969,346,204,11,268,268,18,7,8,63,49,1,288,27,2,1,99,593,25,40,7,0,2,-,-,-,-,-,-,-,-,-,-,-,-,-,-,-,-,-,-,-,-,-,-,-,-,-,-,-,-,-,-,-,-,-,-,-,-,-,-,-,-,-,-,-,-,-,-,-,-,-,-,-
"기타의 사업",시설관리및사업지원서비스업,-,-,-,-,-,-,-,-,-,-,-,-,-,-,-,-,-,-,-,-,-,-,-,-,-,-,-,-,-,-,-,-,-,-,-,-,-,-,-,-,-,-,-,-,-,-,-,-,-,-,-,-,-,-,-,-,-,-,-,-,-,-,-,-,-,-,-,-,-,-,-,-,-,-,-,8267,1038,3006,623,313,18,703,535,27,10,11,117,151,3,0,447,48,5,1,207,884,41,48,25,3,3,9213,1014,3497,679,363,14,736,558,35,9,17,139,162,0,563,38,0,4,189,1063,23,67,39,0,4
"기타의 사업",위생 및 유사서비스업,1049,213,181,112,69,0,108,54,2,2,4,14,23,0,64,10,3,1,61,118,2,2,4,0,2,1176,248,192,111,63,4,143,63,2,6,4,13,20,3,56,12,4,1,84,134,11,0,2,0,0,-,-,-,-,-,-,-,-,-,-,-,-,-,-,-,-,-,-,-,-,-,-,-,-,-,-,-,-,-,-,-,-,-,-,-,-,-,-,-,-,-,-,-,-,-,-,-,-,-,-,-,-,-,-,-,-,-,-,-,-,-,-,-,-,-,-,-,-,-,-,-,-,-,-,-,-
"기타의 사업",해외파견자,46,10,7,5,2,0,7,1,0,0,0,1,2,0,1,0,0,0,2,8,0,0,0,0,0,27,4,3,1,2,0,6,0,0,0,0,0,0,0,1,0,0,0,0,8,2,0,0,0,0,33,4,5,2,2,0,3,1,0,0,0,3,1,0,1,1,0,0,4,6,0,0,0,0,0,21,1,2,1,0,0,5,1,0,0,0,1,0,0,0,2,0,0,0,0,8,0,0,0,0,0,30,2,5,5,1,0,1,0,0,0,0,1,0,0,1,0,0,0,0,14,0,0,0,0,0
"기타의 사업",전문기술서비스업,742,82,163,46,17,5,45,63,15,5,2,10,17,1,37,5,1,2,29,65,100,1,30,0,1,975,110,217,53,35,0,50,62,17,2,4,8,26,1,53,9,1,2,53,100,114,1,55,1,1,1058,95,244,51,36,6,59,72,16,10,4,13,30,0,72,11,1,0,49,105,121,4,57,2,0,-,-,-,-,-,-,-,-,-,-,-,-,-,-,-,-,-,-,-,-,-,-,-,-,-,-,-,-,-,-,-,-,-,-,-,-,-,-,-,-,-,-,-,-,-,-,-,-,-,-,-
"기타의 사업",전문·보건·교육·여가관련서비스업,-,-,-,-,-,-,-,-,-,-,-,-,-,-,-,-,-,-,-,-,-,-,-,-,-,-,-,-,-,-,-,-,-,-,-,-,-,-,-,-,-,-,-,-,-,-,-,-,-,-,-,-,-,-,-,-,-,-,-,-,-,-,-,-,-,-,-,-,-,-,-,-,-,-,-,7014,396,2339,495,177,3,292,354,26,14,24,85,312,2,0,511,25,0,2,220,1008,361,173,185,10,0,8584,408,3005,640,316,10,383,366,29,7,11,84,304,5,713,23,0,2,220,1329,341,170,211,7,0
"기타의 사업",보건 및 사회복지사업,2929,122,1247,244,71,0,93,129,2,1,4,26,145,0,227,11,0,0,61,357,80,84,17,7,1,3670,142,1509,301,77,1,123,136,4,0,36,29,194,0,365,5,0,0,109,415,105,95,16,6,2,4228,164,1637,348,67,3,139,161,7,1,4,41,187,0,417,2,0,0,132,641,101,147,22,6,1,-,-,-,-,-,-,-,-,-,-,-,-,-,-,-,-,-,-,-,-,-,-,-,-,-,-,-,-,-,-,-,-,-,-,-,-,-,-,-,-,-,-,-,-,-,-,-,-,-,-,-
"기타의 사업",교육서비스업,496,48,165,38,33,0,15,27,1,0,0,6,41,0,17,4,0,0,8,29,59,3,1,0,1,605,42,202,36,19,0,32,48,2,0,1,14,50,0,46,2,0,0,21,29,53,2,4,2,0,691,52,199,58,35,0,28,57,1,0,0,12,54,0,33,5,0,0,24,58,61,10,4,0,0,-,-,-,-,-,-,-,-,-,-,-,-,-,-,-,-,-,-,-,-,-,-,-,-,-,-,-,-,-,-,-,-,-,-,-,-,-,-,-,-,-,-,-,-,-,-,-,-,-,-,-
"기타의 사업",도·소매 및 소비자용품수리업,5680,773,1112,505,367,19,553,702,8,16,6,116,98,1,309,9,0,1,306,632,118,12,13,2,2,6939,850,1451,572,457,25,592,798,13,17,16,129,127,1,483,14,0,1,387,815,149,18,17,5,2,7722,946,1550,661,521,45,604,937,8,18,7,155,129,0,591,7,1,1,386,983,139,17,13,1,2,-,-,-,-,-,-,-,-,-,-,-,-,-,-,-,-,-,-,-,-,-,-,-,-,-,-,-,-,-,-,-,-,-,-,-,-,-,-,-,-,-,-,-,-,-,-,-,-,-,-,-
"기타의 사업",도소매·음식·숙박업,-,-,-,-,-,-,-,-,-,-,-,-,-,-,-,-,-,-,-,-,-,-,-,-,-,-,-,-,-,-,-,-,-,-,-,-,-,-,-,-,-,-,-,-,-,-,-,-,-,-,-,-,-,-,-,-,-,-,-,-,-,-,-,-,-,-,-,-,-,-,-,-,-,-,-,18592,1167,4508,1001,790,43,1358,2972,23,28,23,199,2119,0,0,1021,31,1,1,1371,1758,88,55,24,10,1,20569,1215,5287,1188,844,49,1458,3090,32,21,27,234,2125,0,1407,27,0,2,1342,2069,52,41,55,3,1
"기타의 사업",부동산업 및 임대업,176,31,53,13,8,1,12,10,1,2,1,7,3,0,4,1,0,0,9,8,10,2,0,0,0,214,43,61,13,8,2,10,9,4,1,0,3,6,0,11,0,0,0,11,19,11,2,0,0,0,247,36,52,14,23,2,16,24,2,1,1,2,2,0,14,1,0,0,16,19,18,4,0,0,0,230,41,61,24,11,0,13,14,0,3,0,7,2,0,0,16,0,0,0,10,17,4,4,2,0,1,242,43,61,18,11,1,19,20,0,0,1,11,1,0,9,0,0,0,9,32,2,2,2,0,0
"기타의 사업",오락·문화 및 운동관련사업,839,92,178,58,35,2,41,46,3,0,0,24,15,0,40,1,0,0,19,55,139,5,86,0,0,1003,89,201,78,48,1,51,59,3,1,0,20,22,1,54,2,0,0,29,74,110,4,153,0,3,1161,99,247,96,42,3,53,59,2,1,4,26,33,0,61,2,0,0,27,114,168,3,121,0,0,-,-,-,-,-,-,-,-,-,-,-,-,-,-,-,-,-,-,-,-,-,-,-,-,-,-,-,-,-,-,-,-,-,-,-,-,-,-,-,-,-,-,-,-,-,-,-,-,-,-,-
"기타의 사업",국가 및 지방자치단체의 사업,2898,219,896,210,166,1,142,317,3,0,10,66,213,0,119,7,0,1,139,225,106,20,34,4,0,3594,252,1036,283,187,0,165,338,4,4,21,77,203,1,198,30,0,0,234,363,129,39,27,1,2,4358,286,1259,291,203,7,181,421,4,4,9,97,276,0,247,22,0,0,204,560,186,33,60,7,1,4700,301,1517,305,237,7,208,463,7,3,10,88,193,0,0,287,20,0,1,189,627,119,25,90,2,1,4981,277,1596,313,260,3,207,419,4,6,14,96,323,0,307,11,0,0,161,751,115,47,66,4,1
"기타의 사업",사업서비스업,-,-,-,-,-,-,-,-,-,-,-,-,-,-,-,-,-,-,-,-,-,-,-,-,-,2665,229,873,227,123,5,333,156,5,6,6,56,66,2,158,8,0,5,114,200,67,18,5,1,2,3323,233,1083,301,159,11,420,202,11,1,2,81,83,0,226,7,0,4,91,298,74,21,14,1,0,-,-,-,-,-,-,-,-,-,-,-,-,-,-,-,-,-,-,-,-,-,-,-,-,-,-,-,-,-,-,-,-,-,-,-,-,-,-,-,-,-,-,-,-,-,-,-,-,-,-,-
"기타의 사업",주한미군,35,2,4,5,0,0,4,6,0,1,0,1,6,0,3,0,0,0,0,1,2,0,0,0,0,36,4,9,1,2,0,1,2,0,0,0,1,3,0,5,1,0,0,0,5,2,0,0,0,0,57,1,10,7,2,0,5,12,1,0,0,0,3,0,2,0,0,0,2,10,2,0,0,0,0,38,2,13,0,1,0,3,5,0,0,0,0,4,0,0,2,0,0,0,0,6,1,1,0,0,0,35,2,7,1,2,0,6,3,0,0,0,1,3,0,4,0,0,1,1,3,1,0,0,0,0
"기타의 사업",기타의 각종사업,12088,546,3203,513,359,6,1008,1661,20,11,20,91,1901,1,314,32,0,1,1519,661,154,33,21,6,7,12483,452,3349,462,366,11,879,1987,17,12,15,80,2119,2,405,30,0,3,1439,664,141,23,12,12,3,13795,497,3505,543,423,18,865,2402,17,18,49,95,2333,1,523,34,0,3,1202,1085,128,33,13,8,0,1711,247,397,103,109,10,130,145,8,5,4,37,41,0,0,79,7,1,0,58,257,46,9,18,0,0,1754,241,383,111,111,7,134,157,9,2,3,34,52,0,93,4,0,1,55,314,20,5,18,0,0
